{
    "_id": "Tarkov_Insurance&Repair_Services",
    "working": true,
    "availableInRaid": false,
    "items_buy": {
        "category": [
            "5b3f16c486f7747c327f55f7"
        ],
        "id_list": []
    },
    "items_buy_prohibited": {},
    "customization_seller": false,
    "name": "Tarkov Insurance&Repair Services",
    "surname": "TIRS",
    "nickname": "TIRS",
    "location": "Everywhere",
    "avatar": "/files/trader/avatar/cat.jpg",
    "balance_rub": 5000000,
    "balance_dol": 0,
    "balance_eur": 0,
    "unlockedByDefault": true,
    "discount": 0,
    "discount_end": 0,
    "buyer_up": true,
    "currency": "RUB",
    "nextResupply": 1615141448,
    "repair": {
        "availability": true,
        "quality": "0.7",
        "excluded_id_list": [],
        "excluded_category": [],
        "currency": "5449016a4bdc2d6f028b456f",
        "currency_coefficient": 1,
        "price_rate": 1.5
    },
    "insurance": {
        "availability": true,
        "min_payment": 10000,
        "returnChancePercent": 51,
        "min_return_hour": 18,
        "max_return_hour": 24,
        "max_storage_time": 128,
        "excluded_category": [

        ]
    },
    "gridHeight": 150,
    "loyaltyLevels": [{
            "minLevel": 1,
            "minSalesSum": 0,
            "minStanding": 0,
            "buy_price_coef": 60,
            "repair_price_coef": 175,
            "insurance_price_coef": 25,
            "exchange_price_coef": 0,
            "heal_price_coef": 30
        }
    ],
    "sell_category": [
        "5b3f16c486f7747c327f55f7"
    ]
}
